pair_id,workload,source_corpus,source_pair_id,original_label,author_label,metadata
faq-0000,faq,quora-qqp,270087,1,1,{}
faq-0001,faq,quora-qqp,383032,0,0,{}
faq-0002,faq,quora-qqp,254394,0,0,{}
faq-0003,faq,quora-qqp,41085,0,0,{}
faq-0004,faq,quora-qqp,251204,0,0,{}
faq-0005,faq,quora-qqp,63180,0,0,{}
faq-0006,faq,quora-qqp,171539,0,0,{}
faq-0007,faq,quora-qqp,149732,0,1,{}
faq-0008,faq,quora-qqp,267266,1,1,{}
faq-0009,faq,quora-qqp,358927,0,0,{}
faq-0010,faq,quora-qqp,126559,0,1,{}
faq-0011,faq,quora-qqp,51753,1,1,{}
faq-0012,faq,quora-qqp,58354,0,0,{}
faq-0013,faq,quora-qqp,240236,0,0,{}
faq-0014,faq,quora-qqp,329875,1,1,{}
faq-0015,faq,quora-qqp,89864,1,1,{}
faq-0016,faq,quora-qqp,327578,0,1,{}
faq-0017,faq,quora-qqp,202379,1,1,{}
faq-0018,faq,quora-qqp,186347,0,1,{}
faq-0019,faq,quora-qqp,204696,0,1,{}
faq-0020,faq,quora-qqp,60674,1,1,{}
faq-0021,faq,quora-qqp,60650,1,1,{}
faq-0022,faq,quora-qqp,170936,1,1,{}
faq-0023,faq,quora-qqp,233857,1,1,{}
faq-0024,faq,quora-qqp,316292,0,0,{}
faq-0025,faq,quora-qqp,83523,0,0,{}
faq-0026,faq,quora-qqp,196891,1,1,{}
faq-0027,faq,quora-qqp,401850,0,0,{}
faq-0028,faq,quora-qqp,328190,1,1,{}
faq-0029,faq,quora-qqp,84822,1,1,{}
faq-0030,faq,quora-qqp,8257,0,1,{}
faq-0031,faq,quora-qqp,242367,0,1,{}
faq-0032,faq,quora-qqp,75237,1,1,{}
faq-0033,faq,quora-qqp,159398,1,1,{}
faq-0034,faq,quora-qqp,266844,1,1,{}
faq-0035,faq,quora-qqp,33189,1,1,{}
faq-0036,faq,quora-qqp,376449,1,0,{}
faq-0037,faq,quora-qqp,298028,0,1,{}
faq-0038,faq,quora-qqp,239874,1,1,{}
faq-0039,faq,quora-qqp,251930,1,1,{}
faq-0040,faq,quora-qqp,152686,0,0,{}
faq-0041,faq,quora-qqp,258396,0,0,{}
faq-0042,faq,quora-qqp,227488,0,0,{}
faq-0043,faq,quora-qqp,294233,0,1,{}
faq-0044,faq,quora-qqp,236545,1,1,{}
faq-0045,faq,quora-qqp,188733,1,1,{}
faq-0046,faq,quora-qqp,167458,1,1,{}
faq-0047,faq,quora-qqp,340426,1,1,{}
faq-0048,faq,quora-qqp,58234,0,0,{}
faq-0049,faq,quora-qqp,179554,0,0,{}
faq-0050,faq,quora-qqp,74694,0,0,{}
faq-0051,faq,quora-qqp,273570,0,0,{}
faq-0052,faq,quora-qqp,126610,0,0,{}
faq-0053,faq,quora-qqp,305940,1,1,{}
faq-0054,faq,quora-qqp,264485,0,1,{}
faq-0055,faq,quora-qqp,12910,1,1,{}
faq-0056,faq,quora-qqp,305874,1,1,{}
faq-0057,faq,quora-qqp,169468,1,1,{}
faq-0058,faq,quora-qqp,48653,0,0,{}
faq-0059,faq,quora-qqp,161892,0,0,{}
faq-0060,faq,quora-qqp,35130,1,1,{}
faq-0061,faq,quora-qqp,193354,0,0,{}
faq-0062,faq,quora-qqp,306558,0,0,{}
faq-0063,faq,quora-qqp,102019,1,0,{}
faq-0064,faq,quora-qqp,250608,0,0,{}
faq-0065,faq,quora-qqp,19377,0,1,{}
faq-0066,faq,quora-qqp,221977,1,0,{}
faq-0067,faq,quora-qqp,301260,0,1,{}
faq-0068,faq,quora-qqp,1240,0,0,{}
faq-0069,faq,quora-qqp,117009,1,0,{}
faq-0070,faq,quora-qqp,306364,0,1,{}
faq-0071,faq,quora-qqp,172634,1,1,{}
faq-0072,faq,quora-qqp,312950,0,0,{}
faq-0073,faq,quora-qqp,307917,0,0,{}
faq-0074,faq,quora-qqp,102690,0,1,{}
faq-0075,faq,quora-qqp,193069,0,0,{}
faq-0076,faq,quora-qqp,258871,0,0,{}
faq-0077,faq,quora-qqp,59129,1,1,{}
faq-0078,faq,quora-qqp,187916,1,1,{}
faq-0079,faq,quora-qqp,282190,0,0,{}
faq-0080,faq,quora-qqp,74425,1,0,{}
faq-0081,faq,quora-qqp,184312,0,0,{}
faq-0082,faq,quora-qqp,180461,0,1,{}
faq-0083,faq,quora-qqp,286345,1,1,{}
faq-0084,faq,quora-qqp,373596,0,1,{}
faq-0085,faq,quora-qqp,295381,1,1,{}
faq-0086,faq,quora-qqp,259615,1,1,{}
faq-0087,faq,quora-qqp,208510,1,1,{}
faq-0088,faq,quora-qqp,343873,0,0,{}
faq-0089,faq,quora-qqp,330098,1,1,{}
faq-0090,faq,quora-qqp,282325,0,0,{}
faq-0091,faq,quora-qqp,188681,1,1,{}
faq-0092,faq,quora-qqp,278392,0,0,{}
faq-0093,faq,quora-qqp,10418,1,1,{}
faq-0094,faq,quora-qqp,92195,1,1,{}
faq-0095,faq,quora-qqp,213353,1,1,{}
faq-0096,faq,quora-qqp,277396,0,0,{}
faq-0097,faq,quora-qqp,79440,1,1,{}
faq-0098,faq,quora-qqp,399319,0,0,{}
faq-0099,faq,quora-qqp,132101,0,1,{}
faq-0100,faq,quora-qqp,37149,0,0,{}
faq-0101,faq,quora-qqp,239197,1,1,{}
faq-0102,faq,quora-qqp,217096,0,0,{}
faq-0103,faq,quora-qqp,316062,1,1,{}
faq-0104,faq,quora-qqp,163995,1,0,{}
faq-0105,faq,quora-qqp,59491,0,0,{}
faq-0106,faq,quora-qqp,145502,0,1,{}
faq-0107,faq,quora-qqp,241578,1,1,{}
faq-0108,faq,quora-qqp,188694,0,1,{}
faq-0109,faq,quora-qqp,239361,1,1,{}
faq-0110,faq,quora-qqp,386243,1,1,{}
faq-0111,faq,quora-qqp,249859,0,0,{}
faq-0112,faq,quora-qqp,247601,1,1,{}
faq-0113,faq,quora-qqp,255354,1,1,{}
faq-0114,faq,quora-qqp,179210,1,0,{}
faq-0115,faq,quora-qqp,120286,0,1,{}
faq-0116,faq,quora-qqp,196894,1,0,{}
faq-0117,faq,quora-qqp,234882,1,1,{}
faq-0118,faq,quora-qqp,275255,0,0,{}
faq-0119,faq,quora-qqp,145214,1,1,{}
faq-0120,faq,quora-qqp,141894,1,1,{}
faq-0121,faq,quora-qqp,149927,1,1,{}
faq-0122,faq,quora-qqp,402046,0,1,{}
faq-0123,faq,quora-qqp,35366,1,1,{}
faq-0124,faq,quora-qqp,286551,1,1,{}
faq-0125,faq,quora-qqp,155048,1,0,{}
faq-0126,faq,quora-qqp,302414,0,0,{}
faq-0127,faq,quora-qqp,341079,1,0,{}
faq-0128,faq,quora-qqp,98545,1,1,{}
faq-0129,faq,quora-qqp,61843,1,1,{}
faq-0130,faq,quora-qqp,144007,1,1,{}
faq-0131,faq,quora-qqp,351109,0,1,{}
faq-0132,faq,quora-qqp,276588,1,1,{}
faq-0133,faq,quora-qqp,38916,1,1,{}
faq-0134,faq,quora-qqp,148215,0,0,{}
faq-0135,faq,quora-qqp,373284,0,0,{}
faq-0136,faq,quora-qqp,345217,0,0,{}
faq-0137,faq,quora-qqp,24457,1,1,{}
faq-0138,faq,quora-qqp,341488,1,1,{}
faq-0139,faq,quora-qqp,344716,0,0,{}
faq-0140,faq,quora-qqp,62393,0,0,{}
faq-0141,faq,quora-qqp,252615,0,0,{}
faq-0142,faq,quora-qqp,125272,0,0,{}
faq-0143,faq,quora-qqp,191183,0,1,{}
faq-0144,faq,quora-qqp,255313,1,0,{}
faq-0145,faq,quora-qqp,352746,0,0,{}
faq-0146,faq,quora-qqp,190399,0,1,{}
faq-0147,faq,quora-qqp,352088,0,1,{}
faq-0148,faq,quora-qqp,16251,0,0,{}
faq-0149,faq,quora-qqp,164990,1,1,{}
faq-0150,faq,quora-qqp,129939,1,1,{}
faq-0151,faq,quora-qqp,89052,1,1,{}
faq-0152,faq,quora-qqp,175609,0,1,{}
faq-0153,faq,quora-qqp,203073,1,1,{}
faq-0154,faq,quora-qqp,336810,0,0,{}
faq-0155,faq,quora-qqp,268360,0,0,{}
faq-0156,faq,quora-qqp,302446,0,0,{}
faq-0157,faq,quora-qqp,190788,1,1,{}
faq-0158,faq,quora-qqp,16899,0,1,{}
faq-0159,faq,quora-qqp,232919,1,1,{}
faq-0160,faq,quora-qqp,182668,0,0,{}
faq-0161,faq,quora-qqp,268290,1,1,{}
faq-0162,faq,quora-qqp,347639,0,1,{}
faq-0163,faq,quora-qqp,256492,1,1,{}
faq-0164,faq,quora-qqp,120479,1,0,{}
faq-0165,faq,quora-qqp,120253,1,1,{}
faq-0166,faq,quora-qqp,164782,1,1,{}
faq-0167,faq,quora-qqp,14024,1,0,{}
faq-0168,faq,quora-qqp,318542,1,1,{}
faq-0169,faq,quora-qqp,66074,0,0,{}
faq-0170,faq,quora-qqp,136772,1,0,{}
faq-0171,faq,quora-qqp,73572,0,0,{}
faq-0172,faq,quora-qqp,367992,1,0,{}
faq-0173,faq,quora-qqp,314354,0,1,{}
faq-0174,faq,quora-qqp,268051,1,1,{}
faq-0175,faq,quora-qqp,84523,1,1,{}
faq-0176,faq,quora-qqp,276527,1,0,{}
faq-0177,faq,quora-qqp,282103,0,0,{}
faq-0178,faq,quora-qqp,48669,1,0,{}
faq-0179,faq,quora-qqp,368144,1,1,{}
faq-0180,faq,quora-qqp,122059,0,0,{}
faq-0181,faq,quora-qqp,3993,1,1,{}
faq-0182,faq,quora-qqp,204725,0,1,{}
faq-0183,faq,quora-qqp,227032,0,0,{}
faq-0184,faq,quora-qqp,147247,0,0,{}
faq-0185,faq,quora-qqp,122698,0,0,{}
faq-0186,faq,quora-qqp,299949,1,1,{}
faq-0187,faq,quora-qqp,170540,1,1,{}
faq-0188,faq,quora-qqp,119009,1,0,{}
faq-0189,faq,quora-qqp,395329,1,1,{}
faq-0190,faq,quora-qqp,201344,1,1,{}
faq-0191,faq,quora-qqp,107859,0,1,{}
faq-0192,faq,quora-qqp,276737,1,1,{}
faq-0193,faq,quora-qqp,238740,1,1,{}
faq-0194,faq,quora-qqp,269587,1,1,{}
faq-0195,faq,quora-qqp,200196,1,1,{}
faq-0196,faq,quora-qqp,259031,0,0,{}
faq-0197,faq,quora-qqp,111675,0,0,{}
faq-0198,faq,quora-qqp,38686,0,0,{}
faq-0199,faq,quora-qqp,96802,0,0,{}
faq-0200,faq,quora-qqp,283997,1,1,{}
faq-0201,faq,quora-qqp,55296,1,1,{}
faq-0202,faq,quora-qqp,367613,0,0,{}
faq-0203,faq,quora-qqp,150583,1,1,{}
faq-0204,faq,quora-qqp,129563,0,0,{}
faq-0205,faq,quora-qqp,3936,0,0,{}
faq-0206,faq,quora-qqp,203535,1,0,{}
faq-0207,faq,quora-qqp,127585,1,0,{}
faq-0208,faq,quora-qqp,189327,0,0,{}
faq-0209,faq,quora-qqp,72489,0,1,{}
faq-0210,faq,quora-qqp,316108,1,1,{}
faq-0211,faq,quora-qqp,382437,0,1,{}
faq-0212,faq,quora-qqp,233075,0,0,{}
faq-0213,faq,quora-qqp,266351,0,0,{}
faq-0214,faq,quora-qqp,368430,1,1,{}
faq-0215,faq,quora-qqp,162083,0,0,{}
faq-0216,faq,quora-qqp,135500,1,1,{}
faq-0217,faq,quora-qqp,100366,1,0,{}
faq-0218,faq,quora-qqp,185893,0,1,{}
faq-0219,faq,quora-qqp,199647,0,1,{}
faq-0220,faq,quora-qqp,280625,0,1,{}
faq-0221,faq,quora-qqp,17198,0,0,{}
faq-0222,faq,quora-qqp,90150,0,0,{}
faq-0223,faq,quora-qqp,81399,0,0,{}
faq-0224,faq,quora-qqp,374646,0,0,{}
faq-0225,faq,quora-qqp,24530,1,0,{}
faq-0226,faq,quora-qqp,37390,0,0,{}
faq-0227,faq,quora-qqp,80896,1,0,{}
faq-0228,faq,quora-qqp,57612,0,0,{}
faq-0229,faq,quora-qqp,342444,1,1,{}
faq-0230,faq,quora-qqp,393278,1,1,{}
faq-0231,faq,quora-qqp,271553,1,1,{}
faq-0232,faq,quora-qqp,95008,1,1,{}
faq-0233,faq,quora-qqp,325780,1,1,{}
faq-0234,faq,quora-qqp,135416,0,0,{}
faq-0235,faq,quora-qqp,94921,1,1,{}
faq-0236,faq,quora-qqp,85964,0,1,{}
faq-0237,faq,quora-qqp,392883,1,1,{}
faq-0238,faq,quora-qqp,347333,0,0,{}
faq-0239,faq,quora-qqp,158731,1,1,{}
faq-0240,faq,quora-qqp,302926,0,0,{}
faq-0241,faq,quora-qqp,56097,1,1,{}
faq-0242,faq,quora-qqp,247704,1,1,{}
faq-0243,faq,quora-qqp,337623,1,1,{}
faq-0244,faq,quora-qqp,136965,0,0,{}
faq-0245,faq,quora-qqp,105479,0,0,{}
faq-0246,faq,quora-qqp,112533,1,1,{}
faq-0247,faq,quora-qqp,125923,0,0,{}
faq-0248,faq,quora-qqp,107321,1,1,{}
faq-0249,faq,quora-qqp,274788,1,1,{}
faq-0250,faq,quora-qqp,22609,1,1,{}
faq-0251,faq,quora-qqp,26185,0,0,{}
faq-0252,faq,quora-qqp,269462,0,0,{}
faq-0253,faq,quora-qqp,136380,0,0,{}
faq-0254,faq,quora-qqp,118941,0,0,{}
faq-0255,faq,quora-qqp,252832,0,0,{}
faq-0256,faq,quora-qqp,90198,0,0,{}
faq-0257,faq,quora-qqp,77796,1,0,{}
faq-0258,faq,quora-qqp,320775,0,0,{}
faq-0259,faq,quora-qqp,121966,0,1,{}
faq-0260,faq,quora-qqp,170694,1,1,{}
faq-0261,faq,quora-qqp,180261,0,1,{}
faq-0262,faq,quora-qqp,157529,1,1,{}
faq-0263,faq,quora-qqp,289634,1,0,{}
faq-0264,faq,quora-qqp,29991,0,1,{}
faq-0265,faq,quora-qqp,224182,0,0,{}
faq-0266,faq,quora-qqp,56227,0,0,{}
faq-0267,faq,quora-qqp,366398,1,1,{}
faq-0268,faq,quora-qqp,389359,1,0,{}
faq-0269,faq,quora-qqp,335316,1,1,{}
faq-0270,faq,quora-qqp,365723,0,0,{}
faq-0271,faq,quora-qqp,269489,1,1,{}
faq-0272,faq,quora-qqp,341354,1,1,{}
faq-0273,faq,quora-qqp,161244,1,1,{}
faq-0274,faq,quora-qqp,80667,1,1,{}
faq-0275,faq,quora-qqp,79015,1,1,{}
faq-0276,faq,quora-qqp,171470,0,0,{}
faq-0277,faq,quora-qqp,9859,0,0,{}
faq-0278,faq,quora-qqp,354762,1,1,{}
faq-0279,faq,quora-qqp,128299,0,0,{}
faq-0280,faq,quora-qqp,141089,0,0,{}
faq-0281,faq,quora-qqp,59191,0,0,{}
faq-0282,faq,quora-qqp,201156,1,1,{}
faq-0283,faq,quora-qqp,53420,0,0,{}
faq-0284,faq,quora-qqp,384987,0,0,{}
faq-0285,faq,quora-qqp,313811,1,1,{}
faq-0286,faq,quora-qqp,136757,0,0,{}
faq-0287,faq,quora-qqp,198515,1,1,{}
faq-0288,faq,quora-qqp,344485,1,1,{}
faq-0289,faq,quora-qqp,64470,0,0,{}
faq-0290,faq,quora-qqp,372217,1,0,{}
faq-0291,faq,quora-qqp,300452,1,1,{}
faq-0292,faq,quora-qqp,342512,0,0,{}
faq-0293,faq,quora-qqp,135000,0,0,{}
faq-0294,faq,quora-qqp,292932,0,0,{}
faq-0295,faq,quora-qqp,330700,1,0,{}
faq-0296,faq,quora-qqp,277522,0,1,{}
faq-0297,faq,quora-qqp,226125,1,1,{}
faq-0298,faq,quora-qqp,320725,0,1,{}
faq-0299,faq,quora-qqp,116025,1,0,{}
code-0000,code,sodd,SODD_train:1323990,1,1,{}
code-0001,code,sodd,SODD_train:46762,0,0,{}
code-0002,code,sodd,SODD_train:1782152,0,0,{}
code-0003,code,sodd,SODD_dev:52433,1,0,{}
code-0004,code,sodd,SODD_train:1784627,1,0,{}
code-0005,code,sodd,SODD_train:1503493,1,0,{}
code-0006,code,sodd,SODD_train:1599810,0,0,{}
code-0007,code,sodd,SODD_train:802695,0,0,{}
code-0008,code,sodd,SODD_train:543110,0,0,{}
code-0009,code,sodd,SODD_train:1767609,1,1,{}
code-0010,code,sodd,SODD_train:1942285,1,0,{}
code-0011,code,sodd,SODD_train:747890,0,0,{}
code-0012,code,sodd,SODD_train:1959251,1,0,{}
code-0013,code,sodd,SODD_train:390070,1,0,{}
code-0014,code,sodd,SODD_train:868681,0,0,{}
code-0015,code,sodd,SODD_train:513576,1,0,{}
code-0016,code,sodd,SODD_train:456975,1,1,{}
code-0017,code,sodd,SODD_train:1231519,0,0,{}
code-0018,code,sodd,SODD_train:267083,1,0,{}
code-0019,code,sodd,SODD_train:727902,0,0,{}
code-0020,code,sodd,SODD_train:1839300,1,0,{}
code-0021,code,sodd,SODD_train:260693,1,1,{}
code-0022,code,sodd,SODD_train:1045867,0,0,{}
code-0023,code,sodd,SODD_train:591280,1,1,{}
code-0024,code,sodd,SODD_train:1338067,0,0,{}
code-0025,code,sodd,SODD_train:531131,1,0,{}
code-0026,code,sodd,SODD_train:1208390,1,1,{}
code-0027,code,sodd,SODD_train:1310510,0,0,{}
code-0028,code,sodd,SODD_train:502408,0,0,{}
code-0029,code,sodd,SODD_train:1531893,0,0,{}
code-0030,code,sodd,SODD_train:205892,0,0,{}
code-0031,code,sodd,SODD_train:1825263,0,0,{}
code-0032,code,sodd,SODD_train:812671,1,0,{}
code-0033,code,sodd,SODD_dev:30687,1,0,{}
code-0034,code,sodd,SODD_train:922664,0,0,{}
code-0035,code,sodd,SODD_train:1494127,1,0,{}
code-0036,code,sodd,SODD_train:1970645,0,0,{}
code-0037,code,sodd,SODD_train:1734767,1,1,{}
code-0038,code,sodd,SODD_train:761306,0,0,{}
code-0039,code,sodd,SODD_train:562187,0,0,{}
code-0040,code,sodd,SODD_train:5504,1,1,{}
code-0041,code,sodd,SODD_train:2018282,0,0,{}
code-0042,code,sodd,SODD_train:443198,1,0,{}
code-0043,code,sodd,SODD_train:1605165,0,0,{}
code-0044,code,sodd,SODD_train:1252785,1,0,{}
code-0045,code,sodd,SODD_train:1912381,1,0,{}
code-0046,code,sodd,SODD_train:545024,0,0,{}
code-0047,code,sodd,SODD_train:971015,0,0,{}
code-0048,code,sodd,SODD_train:663551,0,0,{}
code-0049,code,sodd,SODD_train:70839,0,0,{}
code-0050,code,sodd,SODD_train:1169589,0,0,{}
code-0051,code,sodd,SODD_train:1655498,1,0,{}
code-0052,code,sodd,SODD_train:1351047,0,0,{}
code-0053,code,sodd,SODD_train:1927553,0,0,{}
code-0054,code,sodd,SODD_train:333089,1,0,{}
code-0055,code,sodd,SODD_train:1686569,1,1,{}
code-0056,code,sodd,SODD_train:1916857,1,0,{}
code-0057,code,sodd,SODD_train:505155,0,0,{}
code-0058,code,sodd,SODD_train:618943,1,1,{}
code-0059,code,sodd,SODD_train:638361,1,0,{}
code-0060,code,sodd,SODD_train:187021,1,0,{}
code-0061,code,sodd,SODD_dev:78797,0,0,{}
code-0062,code,sodd,SODD_train:489040,0,0,{}
code-0063,code,sodd,SODD_train:1266179,0,0,{}
code-0064,code,sodd,SODD_train:1838986,0,0,{}
code-0065,code,sodd,SODD_train:1042454,1,0,{}
code-0066,code,sodd,SODD_train:1016615,0,0,{}
code-0067,code,sodd,SODD_dev:83257,0,0,{}
code-0068,code,sodd,SODD_train:1667366,0,0,{}
code-0069,code,sodd,SODD_train:1528330,1,0,{}
code-0070,code,sodd,SODD_train:365311,0,0,{}
code-0071,code,sodd,SODD_train:999033,1,1,{}
code-0072,code,sodd,SODD_train:784,0,0,{}
code-0073,code,sodd,SODD_train:1226975,0,0,{}
code-0074,code,sodd,SODD_train:650352,0,0,{}
code-0075,code,sodd,SODD_train:1707577,1,1,{}
code-0076,code,sodd,SODD_train:578008,1,0,{}
code-0077,code,sodd,SODD_train:759206,1,0,{}
code-0078,code,sodd,SODD_train:416000,0,0,{}
code-0079,code,sodd,SODD_train:1123756,1,1,{}
code-0080,code,sodd,SODD_train:1875790,1,1,{}
code-0081,code,sodd,SODD_train:831671,1,1,{}
code-0082,code,sodd,SODD_train:1639613,1,0,{}
code-0083,code,sodd,SODD_train:522521,0,0,{}
code-0084,code,sodd,SODD_train:1996562,0,0,{}
code-0085,code,sodd,SODD_train:1541709,0,0,{}
code-0086,code,sodd,SODD_train:504241,1,1,{}
code-0087,code,sodd,SODD_train:717921,1,1,{}
code-0088,code,sodd,SODD_train:1197744,1,1,{}
code-0089,code,sodd,SODD_train:1796567,0,0,{}
code-0090,code,sodd,SODD_train:639164,1,1,{}
code-0091,code,sodd,SODD_train:215261,1,0,{}
code-0092,code,sodd,SODD_train:355389,1,1,{}
code-0093,code,sodd,SODD_train:1526636,1,0,{}
code-0094,code,sodd,SODD_train:1065558,0,0,{}
code-0095,code,sodd,SODD_train:557732,1,1,{}
code-0096,code,sodd,SODD_dev:10930,0,0,{}
code-0097,code,sodd,SODD_train:708600,0,0,{}
code-0098,code,sodd,SODD_train:670181,0,0,{}
code-0099,code,sodd,SODD_train:789757,1,0,{}
code-0100,code,sodd,SODD_train:796625,1,0,{}
code-0101,code,sodd,SODD_train:23561,0,0,{}
code-0102,code,sodd,SODD_train:1710860,0,0,{}
code-0103,code,sodd,SODD_train:476472,1,0,{}
code-0104,code,sodd,SODD_train:1998269,0,0,{}
code-0105,code,sodd,SODD_train:1602344,0,0,{}
code-0106,code,sodd,SODD_train:309727,0,0,{}
code-0107,code,sodd,SODD_dev:41853,1,0,{}
code-0108,code,sodd,SODD_train:1059366,1,1,{}
code-0109,code,sodd,SODD_train:422098,1,1,{}
code-0110,code,sodd,SODD_train:827476,0,0,{}
code-0111,code,sodd,SODD_train:336192,0,1,{}
code-0112,code,sodd,SODD_dev:52894,0,0,{}
code-0113,code,sodd,SODD_train:495645,1,0,{}
code-0114,code,sodd,SODD_train:141476,0,0,{}
code-0115,code,sodd,SODD_train:1793814,0,0,{}
code-0116,code,sodd,SODD_train:660084,0,0,{}
code-0117,code,sodd,SODD_train:946241,0,0,{}
code-0118,code,sodd,SODD_train:1902580,1,0,{}
code-0119,code,sodd,SODD_train:2014858,0,0,{}
code-0120,code,sodd,SODD_train:1421228,0,0,{}
code-0121,code,sodd,SODD_train:766374,0,1,{}
code-0122,code,sodd,SODD_train:555383,1,0,{}
code-0123,code,sodd,SODD_train:1044989,1,0,{}
code-0124,code,sodd,SODD_train:846467,1,1,{}
code-0125,code,sodd,SODD_dev:86694,0,0,{}
code-0126,code,sodd,SODD_train:675027,0,0,{}
code-0127,code,sodd,SODD_train:33253,1,1,{}
code-0128,code,sodd,SODD_train:1200442,0,0,{}
code-0129,code,sodd,SODD_train:684729,1,0,{}
code-0130,code,sodd,SODD_train:1212677,0,0,{}
code-0131,code,sodd,SODD_dev:3402,1,1,{}
code-0132,code,sodd,SODD_train:1698742,1,0,{}
code-0133,code,sodd,SODD_dev:65821,0,0,{}
code-0134,code,sodd,SODD_train:1651295,1,1,{}
code-0135,code,sodd,SODD_train:1809693,1,0,{}
code-0136,code,sodd,SODD_train:687071,0,0,{}
code-0137,code,sodd,SODD_dev:16783,0,0,{}
code-0138,code,sodd,SODD_train:2016584,1,0,{}
code-0139,code,sodd,SODD_train:36341,0,0,{}
code-0140,code,sodd,SODD_train:1651187,0,0,{}
code-0141,code,sodd,SODD_train:25779,1,0,{}
code-0142,code,sodd,SODD_train:1319509,0,0,{}
code-0143,code,sodd,SODD_train:1726843,1,0,{}
code-0144,code,sodd,SODD_train:1896208,0,0,{}
code-0145,code,sodd,SODD_train:437938,1,0,{}
code-0146,code,sodd,SODD_train:1794460,1,1,{}
code-0147,code,sodd,SODD_train:1046083,0,0,{}
code-0148,code,sodd,SODD_train:536702,0,0,{}
code-0149,code,sodd,SODD_train:848575,0,0,{}
code-0150,code,sodd,SODD_train:654861,0,0,{}
code-0151,code,sodd,SODD_train:79362,1,0,{}
code-0152,code,sodd,SODD_train:561988,0,0,{}
code-0153,code,sodd,SODD_train:1941705,0,0,{}
code-0154,code,sodd,SODD_train:524662,1,0,{}
code-0155,code,sodd,SODD_train:796456,1,1,{}
code-0156,code,sodd,SODD_train:200817,1,0,{}
code-0157,code,sodd,SODD_train:1256136,1,0,{}
code-0158,code,sodd,SODD_train:1453704,1,0,{}
code-0159,code,sodd,SODD_train:145770,0,0,{}
code-0160,code,sodd,SODD_train:626120,1,1,{}
code-0161,code,sodd,SODD_dev:11315,1,1,{}
code-0162,code,sodd,SODD_train:987135,0,0,{}
code-0163,code,sodd,SODD_train:292277,1,1,{}
code-0164,code,sodd,SODD_train:462176,1,1,{}
code-0165,code,sodd,SODD_train:1681481,1,0,{}
code-0166,code,sodd,SODD_train:638277,0,0,{}
code-0167,code,sodd,SODD_train:1235657,0,0,{}
code-0168,code,sodd,SODD_train:673901,1,1,{}
code-0169,code,sodd,SODD_train:1457571,1,0,{}
code-0170,code,sodd,SODD_train:779442,1,1,{}
code-0171,code,sodd,SODD_train:665528,0,0,{}
code-0172,code,sodd,SODD_train:749885,0,0,{}
code-0173,code,sodd,SODD_train:210677,1,0,{}
code-0174,code,sodd,SODD_train:1972247,1,1,{}
code-0175,code,sodd,SODD_train:944441,0,0,{}
code-0176,code,sodd,SODD_train:653320,0,0,{}
code-0177,code,sodd,SODD_train:645414,1,1,{}
code-0178,code,sodd,SODD_train:767333,1,0,{}
code-0179,code,sodd,SODD_train:470174,1,0,{}
code-0180,code,sodd,SODD_train:1409008,1,1,{}
code-0181,code,sodd,SODD_train:968747,1,0,{}
code-0182,code,sodd,SODD_train:1879616,1,1,{}
code-0183,code,sodd,SODD_train:336602,0,0,{}
code-0184,code,sodd,SODD_train:182880,0,0,{}
code-0185,code,sodd,SODD_train:528102,1,0,{}
code-0186,code,sodd,SODD_train:1154626,1,0,{}
code-0187,code,sodd,SODD_train:944145,1,0,{}
code-0188,code,sodd,SODD_train:569516,1,0,{}
code-0189,code,sodd,SODD_train:1987042,0,0,{}
code-0190,code,sodd,SODD_train:1657290,0,0,{}
code-0191,code,sodd,SODD_train:608088,1,0,{}
code-0192,code,sodd,SODD_train:280245,0,0,{}
code-0193,code,sodd,SODD_train:19881,0,0,{}
code-0194,code,sodd,SODD_train:360841,0,0,{}
code-0195,code,sodd,SODD_train:1081710,0,0,{}
code-0196,code,sodd,SODD_train:1297557,0,0,{}
code-0197,code,sodd,SODD_train:6593,0,0,{}
code-0198,code,sodd,SODD_train:1032804,1,1,{}
code-0199,code,sodd,SODD_train:386866,0,0,{}
code-0200,code,sodd,SODD_train:1580134,1,1,{}
code-0201,code,sodd,SODD_train:1244975,1,0,{}
code-0202,code,sodd,SODD_train:1498551,1,0,{}
code-0203,code,sodd,SODD_train:331183,1,0,{}
code-0204,code,sodd,SODD_train:381878,0,0,{}
code-0205,code,sodd,SODD_train:306256,0,0,{}
code-0206,code,sodd,SODD_train:1440751,0,0,{}
code-0207,code,sodd,SODD_train:1763339,1,0,{}
code-0208,code,sodd,SODD_train:1339605,1,1,{}
code-0209,code,sodd,SODD_train:1852008,1,1,{}
code-0210,code,sodd,SODD_train:873127,1,1,{}
code-0211,code,sodd,SODD_train:516107,1,1,{}
code-0212,code,sodd,SODD_train:955172,1,1,{}
code-0213,code,sodd,SODD_train:508771,1,0,{}
code-0214,code,sodd,SODD_train:1737516,0,0,{}
code-0215,code,sodd,SODD_train:309080,1,0,{}
code-0216,code,sodd,SODD_train:1493210,0,0,{}
code-0217,code,sodd,SODD_train:997296,1,0,{}
code-0218,code,sodd,SODD_train:323515,0,0,{}
code-0219,code,sodd,SODD_train:889856,0,0,{}
code-0220,code,sodd,SODD_train:758912,0,0,{}
code-0221,code,sodd,SODD_train:605163,1,1,{}
code-0222,code,sodd,SODD_train:1691230,0,0,{}
code-0223,code,sodd,SODD_train:340414,0,0,{}
code-0224,code,sodd,SODD_train:348419,1,0,{}
code-0225,code,sodd,SODD_train:673722,0,0,{}
code-0226,code,sodd,SODD_train:116343,1,1,{}
code-0227,code,sodd,SODD_train:1863839,1,0,{}
code-0228,code,sodd,SODD_train:31165,0,0,{}
code-0229,code,sodd,SODD_train:743349,0,0,{}
code-0230,code,sodd,SODD_train:1623648,1,0,{}
code-0231,code,sodd,SODD_train:1365113,1,1,{}
code-0232,code,sodd,SODD_train:1193384,1,1,{}
code-0233,code,sodd,SODD_train:1106247,0,0,{}
code-0234,code,sodd,SODD_train:1117599,1,1,{}
code-0235,code,sodd,SODD_train:1287909,1,1,{}
code-0236,code,sodd,SODD_train:1717195,1,0,{}
code-0237,code,sodd,SODD_train:1152302,0,0,{}
code-0238,code,sodd,SODD_train:438244,0,0,{}
code-0239,code,sodd,SODD_train:318853,0,0,{}
code-0240,code,sodd,SODD_train:117832,1,1,{}
code-0241,code,sodd,SODD_train:963809,1,1,{}
code-0242,code,sodd,SODD_train:13170,0,0,{}
code-0243,code,sodd,SODD_train:273231,1,0,{}
code-0244,code,sodd,SODD_train:1901578,1,0,{}
code-0245,code,sodd,SODD_train:137256,0,0,{}
code-0246,code,sodd,SODD_train:1879271,0,0,{}
code-0247,code,sodd,SODD_train:1259499,0,0,{}
code-0248,code,sodd,SODD_train:129528,1,1,{}
code-0249,code,sodd,SODD_train:1064881,0,0,{}
code-0250,code,sodd,SODD_train:1229160,0,0,{}
code-0251,code,sodd,SODD_dev:92356,1,0,{}
code-0252,code,sodd,SODD_train:1396873,1,0,{}
code-0253,code,sodd,SODD_train:649826,0,0,{}
code-0254,code,sodd,SODD_train:626230,1,0,{}
code-0255,code,sodd,SODD_train:958653,1,0,{}
code-0256,code,sodd,SODD_train:1580363,0,0,{}
code-0257,code,sodd,SODD_train:1274658,0,0,{}
code-0258,code,sodd,SODD_train:257149,0,0,{}
code-0259,code,sodd,SODD_train:326363,1,1,{}
code-0260,code,sodd,SODD_train:1697656,1,0,{}
code-0261,code,sodd,SODD_train:1573353,1,1,{}
code-0262,code,sodd,SODD_train:666970,0,0,{}
code-0263,code,sodd,SODD_train:1563825,0,0,{}
code-0264,code,sodd,SODD_train:1649772,1,0,{}
code-0265,code,sodd,SODD_train:1090735,1,1,{}
code-0266,code,sodd,SODD_train:1171307,1,0,{}
code-0267,code,sodd,SODD_train:1557610,0,0,{}
code-0268,code,sodd,SODD_train:721593,0,0,{}
code-0269,code,sodd,SODD_dev:17460,0,0,{}
code-0270,code,sodd,SODD_train:1720597,1,0,{}
code-0271,code,sodd,SODD_train:1507374,0,0,{}
code-0272,code,sodd,SODD_train:573461,1,1,{}
code-0273,code,sodd,SODD_train:1288957,1,0,{}
code-0274,code,sodd,SODD_train:22429,1,0,{}
code-0275,code,sodd,SODD_train:1272322,0,0,{}
code-0276,code,sodd,SODD_train:1762855,1,0,{}
code-0277,code,sodd,SODD_train:91979,0,0,{}
code-0278,code,sodd,SODD_train:728101,0,0,{}
code-0279,code,sodd,SODD_train:888140,0,0,{}
code-0280,code,sodd,SODD_train:1933367,0,0,{}
code-0281,code,sodd,SODD_train:1711772,0,0,{}
code-0282,code,sodd,SODD_train:1408657,1,1,{}
code-0283,code,sodd,SODD_train:523256,0,0,{}
code-0284,code,sodd,SODD_train:314096,1,1,{}
code-0285,code,sodd,SODD_train:1355392,1,1,{}
code-0286,code,sodd,SODD_train:187819,1,0,{}
code-0287,code,sodd,SODD_train:1602631,0,0,{}
code-0288,code,sodd,SODD_train:839052,0,0,{}
code-0289,code,sodd,SODD_train:1846747,1,0,{}
code-0290,code,sodd,SODD_train:183014,0,0,{}
code-0291,code,sodd,SODD_train:495957,0,0,{}
code-0292,code,sodd,SODD_train:292126,0,0,{}
code-0293,code,sodd,SODD_train:374717,1,1,{}
code-0294,code,sodd,SODD_train:610329,0,0,{}
code-0295,code,sodd,SODD_train:18803,0,0,{}
code-0296,code,sodd,SODD_train:791204,0,0,{}
code-0297,code,sodd,SODD_train:812312,1,1,{}
code-0298,code,sodd,SODD_train:1755186,1,1,{}
code-0299,code,sodd,SODD_train:84620,0,0,{}
chat-0000,chat,twitter-pit2015,dev:4705,0,0,{}
chat-0001,chat,twitter-pit2015,train:9379,0,0,{}
chat-0002,chat,twitter-pit2015,train:6329,1,0,{}
chat-0003,chat,twitter-pit2015,train:7024,1,1,{}
chat-0004,chat,twitter-pit2015,train:4484,0,1,{}
chat-0005,chat,twitter-pit2015,dev:4195,1,0,{}
chat-0006,chat,twitter-pit2015,train:12927,0,0,{}
chat-0007,chat,twitter-pit2015,dev:3378,0,0,{}
chat-0008,chat,twitter-pit2015,train:5935,0,0,{}
chat-0009,chat,twitter-pit2015,train:886,1,1,{}
chat-0010,chat,twitter-pit2015,dev:1946,0,0,{}
chat-0011,chat,twitter-pit2015,dev:4572,1,0,{}
chat-0012,chat,twitter-pit2015,train:7426,0,0,{}
chat-0013,chat,twitter-pit2015,train:3263,0,1,{}
chat-0014,chat,twitter-pit2015,dev:3139,0,0,{}
chat-0015,chat,twitter-pit2015,train:8654,1,1,{}
chat-0016,chat,twitter-pit2015,dev:1510,0,0,{}
chat-0017,chat,twitter-pit2015,dev:258,1,1,{}
chat-0018,chat,twitter-pit2015,dev:607,0,0,{}
chat-0019,chat,twitter-pit2015,dev:3273,1,1,{}
chat-0020,chat,twitter-pit2015,train:1346,1,1,{}
chat-0021,chat,twitter-pit2015,train:1641,1,0,{}
chat-0022,chat,twitter-pit2015,train:659,1,0,{}
chat-0023,chat,twitter-pit2015,train:3954,0,0,{}
chat-0024,chat,twitter-pit2015,train:9231,1,1,{}
chat-0025,chat,twitter-pit2015,train:2197,1,1,{}
chat-0026,chat,twitter-pit2015,dev:4641,0,0,{}
chat-0027,chat,twitter-pit2015,dev:2476,0,0,{}
chat-0028,chat,twitter-pit2015,train:211,1,1,{}
chat-0029,chat,twitter-pit2015,train:1638,1,1,{}
chat-0030,chat,twitter-pit2015,dev:3201,1,1,{}
chat-0031,chat,twitter-pit2015,train:10894,1,1,{}
chat-0032,chat,twitter-pit2015,train:7386,1,1,{}
chat-0033,chat,twitter-pit2015,dev:3514,0,0,{}
chat-0034,chat,twitter-pit2015,train:4494,1,1,{}
chat-0035,chat,twitter-pit2015,train:10165,1,1,{}
chat-0036,chat,twitter-pit2015,train:7961,0,0,{}
chat-0037,chat,twitter-pit2015,dev:1835,1,1,{}
chat-0038,chat,twitter-pit2015,dev:3738,0,0,{}
chat-0039,chat,twitter-pit2015,train:2882,0,0,{}
chat-0040,chat,twitter-pit2015,train:2319,0,1,{}
chat-0041,chat,twitter-pit2015,train:2806,1,1,{}
chat-0042,chat,twitter-pit2015,train:12989,1,1,{}
chat-0043,chat,twitter-pit2015,train:3607,0,0,{}
chat-0044,chat,twitter-pit2015,dev:4339,0,0,{}
chat-0045,chat,twitter-pit2015,dev:3829,1,1,{}
chat-0046,chat,twitter-pit2015,train:12777,1,1,{}
chat-0047,chat,twitter-pit2015,train:889,0,0,{}
chat-0048,chat,twitter-pit2015,dev:3811,0,0,{}
chat-0049,chat,twitter-pit2015,train:6000,0,0,{}
chat-0050,chat,twitter-pit2015,dev:2560,1,0,{}
chat-0051,chat,twitter-pit2015,dev:4021,1,1,{}
chat-0052,chat,twitter-pit2015,dev:1761,1,0,{}
chat-0053,chat,twitter-pit2015,train:11193,1,0,{}
chat-0054,chat,twitter-pit2015,train:12036,0,0,{}
chat-0055,chat,twitter-pit2015,train:6700,0,1,{}
chat-0056,chat,twitter-pit2015,dev:2446,0,0,{}
chat-0057,chat,twitter-pit2015,train:11668,1,1,{}
chat-0058,chat,twitter-pit2015,train:9071,0,0,{}
chat-0059,chat,twitter-pit2015,train:5207,1,0,{}
chat-0060,chat,twitter-pit2015,train:3819,1,1,{}
chat-0061,chat,twitter-pit2015,train:729,0,0,{}
chat-0062,chat,twitter-pit2015,train:10769,1,0,{}
chat-0063,chat,twitter-pit2015,train:8883,0,1,{}
chat-0064,chat,twitter-pit2015,train:1111,1,1,{}
chat-0065,chat,twitter-pit2015,train:6434,0,0,{}
chat-0066,chat,twitter-pit2015,train:7464,0,0,{}
chat-0067,chat,twitter-pit2015,train:3758,1,1,{}
chat-0068,chat,twitter-pit2015,train:4101,1,0,{}
chat-0069,chat,twitter-pit2015,train:1817,1,0,{}
chat-0070,chat,twitter-pit2015,train:5299,1,0,{}
chat-0071,chat,twitter-pit2015,train:2914,1,1,{}
chat-0072,chat,twitter-pit2015,train:11829,1,1,{}
chat-0073,chat,twitter-pit2015,train:3823,1,1,{}
chat-0074,chat,twitter-pit2015,dev:1129,0,0,{}
chat-0075,chat,twitter-pit2015,train:852,0,0,{}
chat-0076,chat,twitter-pit2015,dev:697,1,1,{}
chat-0077,chat,twitter-pit2015,train:10139,1,1,{}
chat-0078,chat,twitter-pit2015,train:4924,0,1,{}
chat-0079,chat,twitter-pit2015,train:3061,0,0,{}
chat-0080,chat,twitter-pit2015,train:10579,0,0,{}
chat-0081,chat,twitter-pit2015,train:11924,0,0,{}
chat-0082,chat,twitter-pit2015,train:1370,0,0,{}
chat-0083,chat,twitter-pit2015,dev:3277,1,1,{}
chat-0084,chat,twitter-pit2015,train:11565,1,1,{}
chat-0085,chat,twitter-pit2015,dev:4546,1,0,{}
chat-0086,chat,twitter-pit2015,dev:1524,0,0,{}
chat-0087,chat,twitter-pit2015,train:1886,0,0,{}
chat-0088,chat,twitter-pit2015,train:6057,0,0,{}
chat-0089,chat,twitter-pit2015,train:381,1,1,{}
chat-0090,chat,twitter-pit2015,train:2127,0,0,{}
chat-0091,chat,twitter-pit2015,train:1416,1,1,{}
chat-0092,chat,twitter-pit2015,train:12290,0,0,{}
chat-0093,chat,twitter-pit2015,dev:3533,0,0,{}
chat-0094,chat,twitter-pit2015,train:6037,0,1,{}
chat-0095,chat,twitter-pit2015,train:8812,0,0,{}
chat-0096,chat,twitter-pit2015,train:10117,1,1,{}
chat-0097,chat,twitter-pit2015,dev:3275,1,0,{}
chat-0098,chat,twitter-pit2015,train:12885,1,1,{}
chat-0099,chat,twitter-pit2015,train:1252,0,1,{}
chat-0100,chat,twitter-pit2015,train:11876,1,0,{}
chat-0101,chat,twitter-pit2015,train:4776,0,0,{}
chat-0102,chat,twitter-pit2015,dev:3986,0,1,{}
chat-0103,chat,twitter-pit2015,train:12711,0,0,{}
chat-0104,chat,twitter-pit2015,train:11627,1,1,{}
chat-0105,chat,twitter-pit2015,train:693,1,1,{}
chat-0106,chat,twitter-pit2015,train:11998,1,1,{}
chat-0107,chat,twitter-pit2015,train:5638,1,0,{}
chat-0108,chat,twitter-pit2015,train:1400,0,0,{}
chat-0109,chat,twitter-pit2015,train:1399,0,0,{}
chat-0110,chat,twitter-pit2015,train:2563,0,0,{}
chat-0111,chat,twitter-pit2015,train:9230,1,1,{}
chat-0112,chat,twitter-pit2015,dev:3009,0,0,{}
chat-0113,chat,twitter-pit2015,train:4022,0,0,{}
chat-0114,chat,twitter-pit2015,train:10005,0,0,{}
chat-0115,chat,twitter-pit2015,train:7388,0,0,{}
chat-0116,chat,twitter-pit2015,train:5641,0,1,{}
chat-0117,chat,twitter-pit2015,train:5116,1,0,{}
chat-0118,chat,twitter-pit2015,train:10553,0,0,{}
chat-0119,chat,twitter-pit2015,train:5335,1,0,{}
chat-0120,chat,twitter-pit2015,train:5772,0,0,{}
chat-0121,chat,twitter-pit2015,train:10185,1,1,{}
chat-0122,chat,twitter-pit2015,dev:2959,1,1,{}
chat-0123,chat,twitter-pit2015,dev:4257,0,1,{}
chat-0124,chat,twitter-pit2015,dev:67,1,1,{}
chat-0125,chat,twitter-pit2015,dev:2855,1,1,{}
chat-0126,chat,twitter-pit2015,train:1646,1,1,{}
chat-0127,chat,twitter-pit2015,train:8577,1,0,{}
chat-0128,chat,twitter-pit2015,train:7800,0,0,{}
chat-0129,chat,twitter-pit2015,train:6536,0,0,{}
chat-0130,chat,twitter-pit2015,train:5659,1,1,{}
chat-0131,chat,twitter-pit2015,train:12304,0,0,{}
chat-0132,chat,twitter-pit2015,dev:55,0,0,{}
chat-0133,chat,twitter-pit2015,dev:2911,1,1,{}
chat-0134,chat,twitter-pit2015,train:6010,1,1,{}
chat-0135,chat,twitter-pit2015,train:11266,1,1,{}
chat-0136,chat,twitter-pit2015,dev:4617,1,1,{}
chat-0137,chat,twitter-pit2015,train:5796,1,0,{}
chat-0138,chat,twitter-pit2015,dev:4504,0,1,{}
chat-0139,chat,twitter-pit2015,dev:62,1,1,{}
chat-0140,chat,twitter-pit2015,train:4922,0,1,{}
chat-0141,chat,twitter-pit2015,train:9295,1,1,{}
chat-0142,chat,twitter-pit2015,train:5808,1,1,{}
chat-0143,chat,twitter-pit2015,train:2529,1,1,{}
chat-0144,chat,twitter-pit2015,train:7341,0,0,{}
chat-0145,chat,twitter-pit2015,train:471,1,1,{}
chat-0146,chat,twitter-pit2015,dev:4593,0,0,{}
chat-0147,chat,twitter-pit2015,dev:1225,1,1,{}
chat-0148,chat,twitter-pit2015,dev:2346,0,1,{}
chat-0149,chat,twitter-pit2015,train:2968,1,1,{}
chat-0150,chat,twitter-pit2015,train:10394,0,1,{}
chat-0151,chat,twitter-pit2015,train:2737,1,0,{}
chat-0152,chat,twitter-pit2015,dev:3814,1,1,{}
chat-0153,chat,twitter-pit2015,dev:767,0,0,{}
chat-0154,chat,twitter-pit2015,dev:1315,0,0,{}
chat-0155,chat,twitter-pit2015,train:12113,1,1,{}
chat-0156,chat,twitter-pit2015,train:11348,0,0,{}
chat-0157,chat,twitter-pit2015,dev:66,1,1,{}
chat-0158,chat,twitter-pit2015,train:5535,0,0,{}
chat-0159,chat,twitter-pit2015,train:5952,1,1,{}
chat-0160,chat,twitter-pit2015,train:1365,0,0,{}
chat-0161,chat,twitter-pit2015,train:2645,0,1,{}
chat-0162,chat,twitter-pit2015,dev:3964,1,1,{}
chat-0163,chat,twitter-pit2015,train:4153,0,0,{}
chat-0164,chat,twitter-pit2015,dev:4663,1,1,{}
chat-0165,chat,twitter-pit2015,train:2202,0,1,{}
chat-0166,chat,twitter-pit2015,train:2680,1,0,{}
chat-0167,chat,twitter-pit2015,dev:1455,1,1,{}
chat-0168,chat,twitter-pit2015,train:4346,1,0,{}
chat-0169,chat,twitter-pit2015,dev:2312,1,0,{}
chat-0170,chat,twitter-pit2015,train:10412,1,1,{}
chat-0171,chat,twitter-pit2015,train:11904,0,1,{}
chat-0172,chat,twitter-pit2015,dev:143,0,1,{}
chat-0173,chat,twitter-pit2015,train:12850,0,0,{}
chat-0174,chat,twitter-pit2015,train:10995,1,1,{}
chat-0175,chat,twitter-pit2015,train:1881,0,0,{}
chat-0176,chat,twitter-pit2015,dev:531,1,1,{}
chat-0177,chat,twitter-pit2015,train:12355,1,1,{}
chat-0178,chat,twitter-pit2015,train:10770,1,1,{}
chat-0179,chat,twitter-pit2015,dev:1189,0,0,{}
chat-0180,chat,twitter-pit2015,train:11243,0,1,{}
chat-0181,chat,twitter-pit2015,train:10796,0,1,{}
chat-0182,chat,twitter-pit2015,train:12332,0,0,{}
chat-0183,chat,twitter-pit2015,dev:953,1,0,{}
chat-0184,chat,twitter-pit2015,dev:658,0,1,{}
chat-0185,chat,twitter-pit2015,train:4454,1,0,{}
chat-0186,chat,twitter-pit2015,train:10974,1,0,{}
chat-0187,chat,twitter-pit2015,train:9668,1,1,{}
chat-0188,chat,twitter-pit2015,dev:3309,1,1,{}
chat-0189,chat,twitter-pit2015,train:10523,0,0,{}
chat-0190,chat,twitter-pit2015,train:5759,0,0,{}
chat-0191,chat,twitter-pit2015,dev:3464,0,0,{}
chat-0192,chat,twitter-pit2015,train:1436,1,1,{}
chat-0193,chat,twitter-pit2015,train:7644,1,1,{}
chat-0194,chat,twitter-pit2015,dev:1061,1,1,{}
chat-0195,chat,twitter-pit2015,train:7235,1,1,{}
chat-0196,chat,twitter-pit2015,dev:156,0,0,{}
chat-0197,chat,twitter-pit2015,train:4080,1,0,{}
chat-0198,chat,twitter-pit2015,train:7387,1,1,{}
chat-0199,chat,twitter-pit2015,train:4026,0,0,{}
chat-0200,chat,twitter-pit2015,train:5076,1,1,{}
chat-0201,chat,twitter-pit2015,train:12295,0,0,{}
chat-0202,chat,twitter-pit2015,dev:4320,1,0,{}
chat-0203,chat,twitter-pit2015,train:10106,0,1,{}
chat-0204,chat,twitter-pit2015,dev:3719,0,0,{}
chat-0205,chat,twitter-pit2015,train:574,1,1,{}
chat-0206,chat,twitter-pit2015,dev:3925,1,1,{}
chat-0207,chat,twitter-pit2015,train:2306,0,0,{}
chat-0208,chat,twitter-pit2015,dev:3482,0,0,{}
chat-0209,chat,twitter-pit2015,train:3411,1,1,{}
chat-0210,chat,twitter-pit2015,train:4825,0,0,{}
chat-0211,chat,twitter-pit2015,dev:4328,1,1,{}
chat-0212,chat,twitter-pit2015,train:9950,0,0,{}
chat-0213,chat,twitter-pit2015,train:3751,1,1,{}
chat-0214,chat,twitter-pit2015,train:2814,0,0,{}
chat-0215,chat,twitter-pit2015,train:8015,0,0,{}
chat-0216,chat,twitter-pit2015,train:6531,0,0,{}
chat-0217,chat,twitter-pit2015,train:10969,1,1,{}
chat-0218,chat,twitter-pit2015,train:6868,0,1,{}
chat-0219,chat,twitter-pit2015,train:3238,0,0,{}
chat-0220,chat,twitter-pit2015,train:8622,0,0,{}
chat-0221,chat,twitter-pit2015,train:6231,1,1,{}
chat-0222,chat,twitter-pit2015,dev:1514,0,0,{}
chat-0223,chat,twitter-pit2015,train:8765,0,0,{}
chat-0224,chat,twitter-pit2015,train:163,0,0,{}
chat-0225,chat,twitter-pit2015,train:5059,1,1,{}
chat-0226,chat,twitter-pit2015,dev:178,1,1,{}
chat-0227,chat,twitter-pit2015,train:11582,1,1,{}
chat-0228,chat,twitter-pit2015,train:10648,0,0,{}
chat-0229,chat,twitter-pit2015,train:5498,0,0,{}
chat-0230,chat,twitter-pit2015,train:12672,0,0,{}
chat-0231,chat,twitter-pit2015,dev:708,0,0,{}
chat-0232,chat,twitter-pit2015,train:11225,0,1,{}
chat-0233,chat,twitter-pit2015,train:946,1,1,{}
chat-0234,chat,twitter-pit2015,train:1307,0,0,{}
chat-0235,chat,twitter-pit2015,train:6298,1,0,{}
chat-0236,chat,twitter-pit2015,train:5244,1,1,{}
chat-0237,chat,twitter-pit2015,train:11767,0,0,{}
chat-0238,chat,twitter-pit2015,train:9105,0,0,{}
chat-0239,chat,twitter-pit2015,train:8163,0,0,{}
chat-0240,chat,twitter-pit2015,train:5168,1,1,{}
chat-0241,chat,twitter-pit2015,dev:1496,0,0,{}
chat-0242,chat,twitter-pit2015,train:9097,0,0,{}
chat-0243,chat,twitter-pit2015,dev:597,0,0,{}
chat-0244,chat,twitter-pit2015,dev:4306,0,0,{}
chat-0245,chat,twitter-pit2015,dev:4463,0,0,{}
chat-0246,chat,twitter-pit2015,train:3831,1,1,{}
chat-0247,chat,twitter-pit2015,train:9,1,1,{}
chat-0248,chat,twitter-pit2015,train:6663,1,1,{}
chat-0249,chat,twitter-pit2015,train:1334,0,0,{}
chat-0250,chat,twitter-pit2015,dev:3386,0,0,{}
chat-0251,chat,twitter-pit2015,train:8072,0,0,{}
chat-0252,chat,twitter-pit2015,train:2113,1,1,{}
chat-0253,chat,twitter-pit2015,dev:1750,1,1,{}
chat-0254,chat,twitter-pit2015,dev:3674,1,1,{}
chat-0255,chat,twitter-pit2015,train:5453,0,0,{}
chat-0256,chat,twitter-pit2015,train:2751,1,0,{}
chat-0257,chat,twitter-pit2015,dev:3023,1,1,{}
chat-0258,chat,twitter-pit2015,train:8001,0,0,{}
chat-0259,chat,twitter-pit2015,train:1414,1,1,{}
chat-0260,chat,twitter-pit2015,train:12928,0,0,{}
chat-0261,chat,twitter-pit2015,train:11899,1,0,{}
chat-0262,chat,twitter-pit2015,dev:3642,1,0,{}
chat-0263,chat,twitter-pit2015,train:5304,1,0,{}
chat-0264,chat,twitter-pit2015,train:10944,0,1,{}
chat-0265,chat,twitter-pit2015,dev:4063,0,0,{}
chat-0266,chat,twitter-pit2015,dev:1244,1,1,{}
chat-0267,chat,twitter-pit2015,train:5614,0,1,{}
chat-0268,chat,twitter-pit2015,train:4736,0,0,{}
chat-0269,chat,twitter-pit2015,train:10424,1,1,{}
chat-0270,chat,twitter-pit2015,train:3972,1,1,{}
chat-0271,chat,twitter-pit2015,train:488,1,1,{}
chat-0272,chat,twitter-pit2015,dev:188,1,1,{}
chat-0273,chat,twitter-pit2015,dev:2567,0,0,{}
chat-0274,chat,twitter-pit2015,train:4782,0,0,{}
chat-0275,chat,twitter-pit2015,train:9019,1,1,{}
chat-0276,chat,twitter-pit2015,dev:1990,0,0,{}
chat-0277,chat,twitter-pit2015,train:2449,1,0,{}
chat-0278,chat,twitter-pit2015,train:10780,1,1,{}
chat-0279,chat,twitter-pit2015,train:7587,0,0,{}
chat-0280,chat,twitter-pit2015,train:10544,1,0,{}
chat-0281,chat,twitter-pit2015,dev:1124,0,0,{}
chat-0282,chat,twitter-pit2015,train:6110,0,0,{}
chat-0283,chat,twitter-pit2015,train:11513,1,1,{}
chat-0284,chat,twitter-pit2015,train:7072,0,1,{}
chat-0285,chat,twitter-pit2015,train:11888,1,1,{}
chat-0286,chat,twitter-pit2015,train:10844,0,0,{}
chat-0287,chat,twitter-pit2015,train:1507,0,0,{}
chat-0288,chat,twitter-pit2015,train:7654,1,1,{}
chat-0289,chat,twitter-pit2015,train:5980,0,0,{}
chat-0290,chat,twitter-pit2015,train:7919,0,1,{}
chat-0291,chat,twitter-pit2015,train:12455,1,1,{}
chat-0292,chat,twitter-pit2015,train:6449,0,1,{}
chat-0293,chat,twitter-pit2015,train:507,1,1,{}
chat-0294,chat,twitter-pit2015,dev:1811,1,1,{}
chat-0295,chat,twitter-pit2015,dev:3892,1,1,{}
chat-0296,chat,twitter-pit2015,train:13057,0,0,{}
chat-0297,chat,twitter-pit2015,train:5220,1,1,{}
chat-0298,chat,twitter-pit2015,train:5693,0,0,{}
chat-0299,chat,twitter-pit2015,train:2385,0,0,{}
