method,formula,term,coef,se,odds_ratio,or_ci_low,or_ci_high,ci_method
logistic_ml,C(model) * C(workload) + C(threshold),Intercept,-5.06534196,0.725970779,0.006311752166,0.001521256652,0.02618770169,wald
logistic_firth,C(model) * C(workload) + C(threshold),Intercept,-4.833991485,0.6404858417,0.007954706726,0.001631269714,0.02344038821,profile_penalised_likelihood
logistic_ml,C(model) * C(workload) + C(threshold),C(model)[T.modernbert],-0.6954495131,1.226623304,0.4988501579,0.04506781101,5.521712158,wald
logistic_firth,C(model) * C(workload) + C(threshold),C(model)[T.modernbert],-0.5130202168,1.01440343,0.598684688,0.05463154093,4.518088941,profile_penalised_likelihood
logistic_ml,C(model) * C(workload) + C(threshold),C(workload)[T.code],0.999334479,0.7930105877,2.716473357,0.57410802,12.85337818,wald
logistic_firth,C(model) * C(workload) + C(threshold),C(workload)[T.code],0.8368350205,0.7077476605,2.309047312,0.6345180105,12.23970641,profile_penalised_likelihood
logistic_ml,C(model) * C(workload) + C(threshold),C(workload)[T.faq],2.253828135,0.7533494017,9.524125782,2.175569437,41.69435844,wald
logistic_firth,C(model) * C(workload) + C(threshold),C(workload)[T.faq],2.059466421,0.6688635624,7.841784483,2.430262924,39.60419618,profile_penalised_likelihood
logistic_ml,C(model) * C(workload) + C(threshold),C(threshold)[T.0.75],-0.4936561711,0.3578665365,0.6103906169,0.3026852798,1.230904607,wald
logistic_firth,C(model) * C(workload) + C(threshold),C(threshold)[T.0.75],-0.4784696722,0.3435683261,0.6197310582,0.3035646263,1.221883674,profile_penalised_likelihood
logistic_ml,C(model) * C(workload) + C(threshold),C(threshold)[T.0.80],-1.123205879,0.4404617178,0.3252354561,0.137175386,0.7711157592,wald
logistic_firth,C(model) * C(workload) + C(threshold),C(threshold)[T.0.80],-1.076042356,0.4174827033,0.3409421869,0.1376416496,0.7556805109,profile_penalised_likelihood
logistic_ml,C(model) * C(workload) + C(threshold),C(threshold)[T.0.85],-3.079582094,1.02526064,0.04597846733,0.006163835663,0.3429714181,wald
logistic_firth,C(model) * C(workload) + C(threshold),C(threshold)[T.0.85],-2.695228706,0.824946038,0.06752693619,0.007495490784,0.263125482,profile_penalised_likelihood
logistic_ml,C(model) * C(workload) + C(threshold),C(threshold)[T.0.90],-3.079582094,1.02526064,0.04597846733,0.006163835663,0.3429714181,wald
logistic_firth,C(model) * C(workload) + C(threshold),C(threshold)[T.0.90],-2.695228706,0.824946038,0.06752693619,0.007495490784,0.263125482,profile_penalised_likelihood
logistic_ml,C(model) * C(workload) + C(threshold),C(model)[T.modernbert]:C(workload)[T.code],0.2207710182,1.353780379,1.247037849,0.08780913256,17.71004167,wald
logistic_firth,C(model) * C(workload) + C(threshold),C(model)[T.modernbert]:C(workload)[T.code],0.0732470159,1.148695864,1.075996292,0.1090815303,14.23601573,profile_penalised_likelihood
logistic_ml,C(model) * C(workload) + C(threshold),C(model)[T.modernbert]:C(workload)[T.faq],0.3072736499,1.289732032,1.359713002,0.1085488819,17.03213719,wald
logistic_firth,C(model) * C(workload) + C(threshold),C(model)[T.modernbert]:C(workload)[T.faq],0.1391737662,1.084490384,1.149323796,0.1331293138,13.87689174,profile_penalised_likelihood
logistic_ml,C(model) + C(workload) + C(threshold),Intercept,-5.159626556,0.6122219376,0.00574384429,0.001730128658,0.01906895598,wald
logistic_firth,C(model) + C(workload) + C(threshold),Intercept,-4.98835897,0.5573532295,0.006816841963,0.001821427066,0.01814741651,profile_penalised_likelihood
logistic_ml,C(model) + C(workload) + C(threshold),C(model)[T.modernbert],-0.4357672978,0.3157664484,0.6467682128,0.3483114723,1.2009628,wald
logistic_firth,C(model) + C(workload) + C(threshold),C(model)[T.modernbert],-0.4250565034,0.3021657267,0.653732846,0.3489992621,1.194853427,profile_penalised_likelihood
logistic_ml,C(model) + C(workload) + C(threshold),C(workload)[T.code],1.078492514,0.6420870242,2.940243833,0.8352911536,10.34972508,wald
logistic_firth,C(model) + C(workload) + C(threshold),C(workload)[T.code],0.9618162084,0.5856320321,2.616444169,0.8908485646,10.15258638,profile_penalised_likelihood
logistic_ml,C(model) + C(workload) + C(threshold),C(workload)[T.faq],2.3674603,0.6107400565,10.67025859,3.223384149,35.32139303,wald
logistic_firth,C(model) + C(workload) + C(threshold),C(workload)[T.faq],2.229230579,0.5548734333,9.292713323,3.459342477,34.58526305,profile_penalised_likelihood
logistic_ml,C(model) + C(workload) + C(threshold),C(threshold)[T.0.75],-0.4937386053,0.3578955028,0.6103403019,0.3026431468,1.23087302,wald
logistic_firth,C(model) + C(workload) + C(threshold),C(threshold)[T.0.75],-0.4788875414,0.3471589639,0.6194721458,0.3033555193,1.221736841,profile_penalised_likelihood
logistic_ml,C(model) + C(workload) + C(threshold),C(threshold)[T.0.80],-1.123352999,0.4404859954,0.3251876108,0.13714868,0.7710390082,wald
logistic_firth,C(model) + C(workload) + C(threshold),C(threshold)[T.0.80],-1.076775483,0.421870194,0.3406923246,0.1375125034,0.7553261178,profile_penalised_likelihood
logistic_ml,C(model) + C(workload) + C(threshold),C(threshold)[T.0.85],-3.079796307,1.025271445,0.0459686192,0.006162384925,0.3429052189,wald
logistic_firth,C(model) + C(workload) + C(threshold),C(threshold)[T.0.85],-2.69627875,0.8336909205,0.06745606716,0.007487095504,0.262896376,profile_penalised_likelihood
logistic_ml,C(model) + C(workload) + C(threshold),C(threshold)[T.0.90],-3.079796307,1.025271445,0.0459686192,0.006162384925,0.3429052189,wald
logistic_firth,C(model) + C(workload) + C(threshold),C(threshold)[T.0.90],-2.69627875,0.8336909205,0.06745606716,0.007487095504,0.262896376,profile_penalised_likelihood
glmm_aghq,C(model) * C(workload) + C(threshold),Intercept,-6.219303821,,0.001990630571,,,wald
glmm_aghq,C(model) * C(workload) + C(threshold),C(model)[T.modernbert],-2.322273834,,0.09805038167,,,wald
glmm_aghq,C(model) * C(workload) + C(threshold),C(workload)[T.code],-0.4653578369,,0.6279103755,,,wald
glmm_aghq,C(model) * C(workload) + C(threshold),C(workload)[T.faq],1.835499837,,6.268266475,,,wald
glmm_aghq,C(model) * C(workload) + C(threshold),C(threshold)[T.0.75],-0.8557894251,,0.4249475943,,,wald
glmm_aghq,C(model) * C(workload) + C(threshold),C(threshold)[T.0.80],-1.583152586,,0.2053267666,,,wald
glmm_aghq,C(model) * C(workload) + C(threshold),C(threshold)[T.0.85],-5.557611667,,0.003857979543,,,wald
glmm_aghq,C(model) * C(workload) + C(threshold),C(threshold)[T.0.90],-12.97781666,,2.311031354e-06,,,wald
glmm_aghq,C(model) * C(workload) + C(threshold),C(model)[T.modernbert]:C(workload)[T.code],1.407536657,,4.085878077,,,wald
glmm_aghq,C(model) * C(workload) + C(threshold),C(model)[T.modernbert]:C(workload)[T.faq],1.919836446,,6.819842965,,,wald
glmm_aghq,C(model) * C(workload) + C(threshold),sd(pair_id intercept),1.906094711,,,,,
glmm_aghq,C(model) + C(workload) + C(threshold),Intercept,-6.66471459,,0.001275120506,,,wald
glmm_aghq,C(model) + C(workload) + C(threshold),C(model)[T.modernbert],-0.7746473579,,0.4608662732,,,wald
glmm_aghq,C(model) + C(workload) + C(threshold),C(workload)[T.code],0.520705112,,1.683214086,,,wald
glmm_aghq,C(model) + C(workload) + C(threshold),C(workload)[T.faq],2.735219273,,15.41312275,,,wald
glmm_aghq,C(model) + C(workload) + C(threshold),C(threshold)[T.0.75],-1.026804892,,0.3581494607,,,wald
glmm_aghq,C(model) + C(workload) + C(threshold),C(threshold)[T.0.80],-1.651499827,,0.1917620828,,,wald
glmm_aghq,C(model) + C(workload) + C(threshold),C(threshold)[T.0.85],-4.854218636,,0.007795422036,,,wald
glmm_aghq,C(model) + C(workload) + C(threshold),C(threshold)[T.0.90],-12.12946314,,5.398102024e-06,,,wald
glmm_aghq,C(model) + C(workload) + C(threshold),sd(pair_id intercept),1.896466622,,,,,
matched_unit_exact,"is_fp matched on (pair_id, threshold)",C(model)[T.modernbert],-2.302585093,,0.1,0.002304269666,0.7029390325,exact_conditional
